{"cameraMode":{"drawMode":0,"name":"Shaded","section":"Shading Mode"},"sceneLighting":false,"audioPlay":false,"sceneViewState":{"showFog":true,"showMaterialUpdate":true,"showSkybox":true,"showFlares":true,"showImageEffects":true,"showParticleSystems":true},"in2DMode":false,"pivot":{"x":-11.976823806762696,"y":-5.349824905395508,"z":-5.970707416534424},"rotation":{"x":-0.25373026728630068,"y":0.6675336956977844,"z":-0.26069045066833498,"w":-0.6497354507446289},"size":40.89980697631836,"orthographic":false}