{"cameraMode":{"drawMode":0,"name":"Shaded","section":"Shading Mode"},"sceneLighting":false,"audioPlay":false,"sceneViewState":{"showFog":true,"showMaterialUpdate":true,"showSkybox":true,"showFlares":true,"showImageEffects":true,"showParticleSystems":true},"in2DMode":false,"pivot":{"x":-2.9605653285980226,"y":6.4661102294921879,"z":-1.1605520248413087},"rotation":{"x":0.2831209897994995,"y":0.08873885869979859,"z":-0.026288075372576715,"w":0.9546403288841248},"size":14.740943908691407,"orthographic":false}